sample_size,method,A,variance,bias,standard_error,bias_over_stderr
1000,cevae,10.0,180.01482686816698,-16.105508283270105,13.416960418372225,-1.2003842734168295
1000,cevae,12.22222222222222,184.09842955484885,-19.43168323542124,13.568287642692752,-1.4321396883037218
1000,cevae,14.444444444444445,189.48983121916862,-20.07451499452588,13.76553054622918,-1.4583175655387242
1000,cevae,16.666666666666668,196.20545110902174,-18.643876416316296,14.0073356177762,-1.3310080464307597
1000,cevae,18.88888888888889,204.2548038671753,-15.685873678263983,14.291773993006442,-1.097545601122697
1000,cevae,21.11111111111111,213.6463751726566,-11.48756792663912,14.616647193274407,-0.7859235962078172
1000,cevae,23.333333333333336,224.38515425183692,-6.168480098683654,14.979491121257656,-0.41179503687744484
1000,cevae,25.55555555555556,236.4742740875663,-0.29250469429982784,15.377720054922522,-0.01902133042187843
1000,cevae,27.77777777777778,249.91809295425426,5.8186331870871,15.808797960447665,0.3680629736457414
1000,cevae,30.0,264.7168076673723,11.998225569611865,16.270120087675206,0.7374392754913132
1000,dfpv,10.0,14.786615216508508,12.246689316140905,3.845336814442723,3.1848157670203276
1000,dfpv,12.22222222222222,11.379325028686731,4.197672433600357,3.3733255147831094,1.2443721826442977
1000,dfpv,14.444444444444445,8.204678545098288,-1.2384767865180646,2.864381005574902,-0.4323715260321988
1000,dfpv,16.666666666666668,5.729367882384,-4.613694340815805,2.3936098016142897,-1.9275047828197618
1000,dfpv,18.88888888888889,3.9826310675056242,-6.467417171534862,1.9956530428673278,-3.240752291411619
1000,dfpv,21.11111111111111,2.871787020535999,-7.056202627414265,1.694634774969521,-4.1638485953654385
1000,dfpv,23.333333333333336,2.2331831837072955,-6.507089889485654,1.494383880971451,-4.3543630069508
1000,dfpv,25.55555555555556,1.98344579898353,-5.312877037363181,1.4083486070513684,-3.7724161551781177
1000,dfpv,27.77777777777778,2.1383016507432338,-3.816198432175592,1.4622932847904464,-2.609735319083047
1000,dfpv,30.0,2.76249903795006,-2.2020059348284495,1.6620767244474788,-1.3248521578090557
1000,kpv,10.0,11.559081947605245,-29.344370368612516,3.3998649896143296,-8.631039896658148
1000,kpv,12.22222222222222,6.326591077121006,-30.990539865746562,2.5152715712465334,-12.32095182882701
1000,kpv,14.444444444444445,5.233733191638746,-31.0328031872749,2.287735384968888,-13.564856928458504
1000,kpv,16.666666666666668,8.517589738092953,-28.2307808467057,2.9184910035997973,-9.67307447988861
1000,kpv,18.88888888888889,10.325917084630703,-22.659814479884467,3.2133965028658853,-7.051670859688553
1000,kpv,21.11111111111111,9.055541962172066,-15.987819219821498,3.00924275560681,-5.312904447483691
1000,kpv,23.333333333333336,5.870510763177911,-10.305687988240539,2.422913692886709,-4.2534276059838225
1000,kpv,25.55555555555556,2.928559607727338,-7.080680610971581,1.711303482064867,-4.137594929934928
1000,kpv,27.77777777777778,3.36202828858432,-5.829435622422173,1.8335834555820796,-3.1792584104504757
1000,kpv,30.0,6.077818888835576,-5.086694502943684,2.4653232828242984,-2.0632971498635735
1000,linear_reg_aw2y,10.0,3.7641595371036973,34.34242562900711,1.9401442052341618,17.700965493367654
1000,linear_reg_aw2y,12.22222222222222,2.7739941173079923,22.971915979132593,1.6655311817279173,13.792546324650742
1000,linear_reg_aw2y,14.444444444444445,2.0700483272691512,14.569667401409177,1.4387662517828084,10.12650066218579
1000,linear_reg_aw2y,16.666666666666668,1.5783927287923254,8.527499430546495,1.2563410081631203,6.787567527557219
1000,linear_reg_aw2y,18.88888888888889,1.2368150703797414,4.3005410880476544,1.1121218774845414,3.8669692370182083
1000,linear_reg_aw2y,21.11111111111111,0.9948834788925806,1.60284564376493,0.9974384586993729,1.606961943150847
1000,linear_reg_aw2y,23.333333333333336,0.8139360595921474,0.3158545608927625,0.9021840497327291,0.3500999169585563
1000,linear_reg_aw2y,25.55555555555556,0.6670412618771085,-0.12336344941152148,0.8167259404947957,-0.1510463220217842
1000,linear_reg_aw2y,27.77777777777778,0.5390357990649237,-0.03557652208037716,0.7341905740779595,-0.04845679492011497
1000,linear_reg_aw2y,30.0,0.42651878686167655,0.4133583306134462,0.6530840580366944,0.6329328139720432
1000,linear_reg_awy,10.0,0.6559756056154412,19.688469025003208,0.809923209702896,24.309056450210292
1000,linear_reg_awy,12.22222222222222,0.5766869906083344,10.617044992194113,0.7593990983720842,13.980850141847364
1000,linear_reg_awy,14.444444444444445,0.5103040477706701,4.2113814974785155,0.7143556871549844,5.895356575448985
1000,linear_reg_awy,16.666666666666668,0.4568296116293859,-0.13669906341101878,0.6758917159052816,-0.202249946543472
1000,linear_reg_awy,18.88888888888889,0.4162632838092258,-2.97206023031172,0.6451846896891043,-4.606526282797984
1000,linear_reg_awy,21.11111111111111,0.3886052712857464,-4.580655981296104,0.6233821230078277,-7.348070809593277
1000,linear_reg_awy,23.333333333333336,0.3738549894340778,-5.081045425374327,0.6114368237472109,-8.310008864423592
1000,linear_reg_awy,25.55555555555556,0.3720081839524733,-5.036156227426657,0.6099247363015156,-8.257012591365108
1000,linear_reg_awy,27.77777777777778,0.383073201708574,-4.766759001938776,0.6189290764769207,-7.701623955158493
1000,linear_reg_awy,30.0,0.4070462597559714,-4.438708853834798,0.6380017709661717,-6.957204596960512
1000,linear_reg_awzy,10.0,2.971888479827038,9.183760734903117,1.7239166104620716,5.327265065588955
1000,linear_reg_awzy,12.22222222222222,2.263789980441616,1.4751805970525051,1.504589638553189,0.9804537790590108
1000,linear_reg_awzy,14.444444444444445,1.663525422236969,-3.567638049030272,1.2897772762135984,-2.7660884672303996
1000,linear_reg_awzy,16.666666666666668,1.1710990608606644,-6.552874524226449,1.0821733044483515,-6.055291234121546
1000,linear_reg_awzy,18.88888888888889,0.7865050773744408,-8.02539046102461,0.8868512149027258,-9.049308752319716
1000,linear_reg_awzy,21.11111111111111,0.5097491160838912,-8.271144796603718,0.7139671673710852,-11.584769124691109
1000,linear_reg_awzy,23.333333333333336,0.340825508257465,-7.408688056905089,0.5838026278267896,-12.690398610372817
1000,linear_reg_awzy,25.55555555555556,0.27973777510966397,-6.000952293710839,0.5289024249421286,-11.346047986767031
1000,linear_reg_awzy,27.77777777777778,0.3264851741616432,-4.368712126938777,0.5713888117224936,-7.6457782114581025
1000,linear_reg_awzy,30.0,0.481067052911346,-2.6778171302019835,0.693589974632957,-3.860807145632498
1000,linear_reg_awzy2,10.0,64.35429330310042,14.283508964883577,8.022112770529993,1.7805170998537228
1000,linear_reg_awzy2,12.22222222222222,39.05878372929644,7.6399799058293665,6.249702691272317,1.222454936376184
1000,linear_reg_awzy2,14.444444444444445,22.35051560673864,3.2399699831962883,4.727633192913621,0.6853260079594939
1000,linear_reg_awzy2,16.666666666666668,11.961324968103213,0.4753048352095853,3.458514850062554,0.13743032943778988
1000,linear_reg_awzy2,18.88888888888889,5.9866220979036795,-1.1988828926652348,2.446757466097463,-0.48998844768109884
1000,linear_reg_awzy2,21.11111111111111,2.8853492501766205,-2.0685479414401486,1.6986315816493642,-1.2177731556313096
1000,linear_reg_awzy2,23.333333333333336,1.4799826847891753,-2.2522452239583113,1.2165453895310177,-1.8513449998167018
1000,linear_reg_awzy2,25.55555555555556,0.9565278760924585,-2.3129079364110336,0.9780224312828711,-2.364882299659727
1000,linear_reg_awzy2,27.77777777777778,0.8645372684948075,-2.5712996360940483,0.9298049626103355,-2.765418275328816
1000,linear_reg_awzy2,30.0,1.1170898932774818,-3.1932815314471004,1.0569247339699652,-3.021295111008202
1000,linear_reg_ay,10.0,0.7211711480521473,-12.533883005171594,0.8492179626292341,-14.759323938892997
1000,linear_reg_ay,12.22222222222222,0.4893637732233175,-17.421028889412774,0.6995454046903014,-24.9033569123727
1000,linear_reg_ay,14.444444444444445,0.3063260038960337,-19.64241309115126,0.5534672563901443,-35.489747341629794
1000,linear_reg_ay,16.666666666666668,0.17205784007029493,-19.806214931268286,0.4147985536019803,-47.74899709576453
1000,linear_reg_ay,18.88888888888889,0.08655928174610067,-18.45729470710838,0.29420958812741077,-62.735191006471354
1000,linear_reg_ay,21.11111111111111,0.049830328923453314,-15.881614026138612,0.22322707927904561,-71.14555311762045
1000,linear_reg_ay,23.333333333333336,0.061870981602351036,-12.197721697686509,0.24873878186232046,-49.038278656675566
1000,linear_reg_ay,25.55555555555556,0.12268123978279406,-7.9685541604360495,0.35025881827984584,-22.750474062495762
1000,linear_reg_ay,27.77777777777778,0.23226110346478168,-3.51487687903161,0.4819347502149868,-7.293262993514484
1000,linear_reg_ay,30.0,0.3906105726483173,0.9974517991100218,0.6249884580120798,1.595952351316451
1000,linear_reg_ay2,10.0,2.0851123980112054,-7.421237407648514,1.4439918275430805,-5.139390172502279
1000,linear_reg_ay2,12.22222222222222,0.9024062213794158,-13.924840590396943,0.9499506415490311,-14.658488537562846
1000,linear_reg_ay2,14.444444444444445,0.30923236544658433,-17.520296653873423,0.556086652821828,-31.50641462974833
1000,linear_reg_ay2,16.666666666666668,0.08957626568276637,-18.81578491895919,0.29929294292175745,-62.86745265449877
1000,linear_reg_ay2,18.88888888888889,0.0736308289103173,-18.356165682998775,0.2713500118118982,-67.64755807611094
1000,linear_reg_ay2,21.11111111111111,0.1377964333039045,-16.42740055345924,0.37120941974026533,-44.25372762618326
1000,linear_reg_ay2,23.333333333333336,0.20468092839050478,-13.148038339668116,0.4524167640467192,-29.06178414359193
1000,linear_reg_ay2,25.55555555555556,0.2430996350493994,-9.08101548030939,0.49305135133107525,-18.417991261546405
1000,linear_reg_ay2,27.77777777777778,0.26807534551218515,-4.547097440027426,0.5177599303849083,-8.782250562817916
1000,linear_reg_ay2,30.0,0.34083832336275577,0.28785743376098266,0.5838136032697043,0.49306393710048785
1000,naivenet_awy,10.0,12.96508367020977,15.451894089090123,3.600705996080459,4.291351225540283
1000,naivenet_awy,12.22222222222222,7.943754686323733,8.754302377448017,2.8184667261338627,3.106051349222929
1000,naivenet_awy,14.444444444444445,5.313844832427978,4.626576962566406,2.305177830977033,2.007036897715377
1000,naivenet_awy,16.666666666666668,3.5982869930891535,2.1000236920211095,1.896915125431065,1.107073091393
1000,naivenet_awy,18.88888888888889,2.3317474310940005,0.47087933725419795,1.5270060350548718,0.3083676989117317
1000,naivenet_awy,21.11111111111111,1.5352873054990162,-0.6347527754245228,1.23906711097463,-0.5122828051865863
1000,naivenet_awy,23.333333333333336,1.0933617449935384,-0.9747763518879985,1.0456393952953085,-0.9322299411000129
1000,naivenet_awy,25.55555555555556,0.8258352975626025,-1.0654384158421855,0.908754806074005,-1.1724157151312173
1000,naivenet_awy,27.77777777777778,0.6876588153335392,-1.1199534294290097,0.8292519613082258,-1.3505586741841094
1000,naivenet_awy,30.0,0.6078901243331769,-1.0345464469134094,0.7796730881165368,-1.3268977250613747
1000,naivenet_awzy,10.0,131.8246523285762,26.371248718606722,11.48149172923868,2.2968486448019556
1000,naivenet_awzy,12.22222222222222,89.38381361098226,18.41317612622732,9.454301328547883,1.947597763848242
1000,naivenet_awzy,14.444444444444445,56.26382556995325,12.810828938579586,7.500921648034543,1.7079006473739653
1000,naivenet_awzy,16.666666666666668,32.02398615612995,8.739292948612903,5.658973949059136,1.544324647415262
1000,naivenet_awzy,18.88888888888889,16.346014405223706,5.552935001316698,4.043020455701864,1.3734620099399704
1000,naivenet_awzy,21.11111111111111,7.814109096578385,2.961056779629188,2.795372801001395,1.0592707987172372
1000,naivenet_awzy,23.333333333333336,3.5861530915461426,1.2644065018107322,1.8937140997379047,0.6676860577770053
1000,naivenet_awzy,25.55555555555556,1.7127202610926435,0.2267601467798844,1.3087093875619,0.17327005440247825
1000,naivenet_awzy,27.77777777777778,1.0396175221850623,-0.3512236473245178,1.0196163602968826,-0.3444664689592188
1000,naivenet_awzy,30.0,1.0194175271306254,-0.4652309180437804,1.0096620856160865,-0.46077883350438065
1000,naivenet_ay,10.0,5.419422536753091,-7.50803480495284,2.3279653212092937,-3.2251489043027015
1000,naivenet_ay,12.22222222222222,2.966173418375508,-13.201447325005594,1.7222582321985016,-7.665196239563708
1000,naivenet_ay,14.444444444444445,1.2474950989930023,-16.981103358173343,1.1169132011902279,-15.203601622827621
1000,naivenet_ay,16.666666666666668,0.7015178963001283,-18.88804927550819,0.8375666518553185,-22.551099943710412
1000,naivenet_ay,18.88888888888889,0.7109454561433887,-19.07196409994062,0.8431758156774829,-22.619202004289576
1000,naivenet_ay,21.11111111111111,1.0232622977733385,-17.179310919040244,1.0115642825709785,-16.98291568320061
1000,naivenet_ay,23.333333333333336,0.8623473591978457,-13.415757263142883,0.9286265983687123,-14.446880249510299
1000,naivenet_ay,25.55555555555556,0.8733851605326268,-8.910892059641014,0.934550780071702,-9.5349468960449
1000,naivenet_ay,27.77777777777778,1.4097292345799886,-4.265217673508602,1.1873201904204227,-3.5923061933262623
1000,naivenet_ay,30.0,1.5028732380677703,0.22456247795231227,1.225917304742767,0.18317914029236418
1000,nmmr_u,10.0,2.937137749643325,10.738911148416296,1.7138079675515938,6.266111111479007
1000,nmmr_u,12.22222222222222,1.864802775657116,3.563441819891861,1.3655778175033146,2.6094754720070807
1000,nmmr_u,14.444444444444445,1.1996850184518402,-0.9239046429633767,1.0953013368255515,-0.8435164021994861
1000,nmmr_u,16.666666666666668,0.9035193691172204,-3.3691819735672697,0.9505363586508516,-3.5445061547664882
1000,nmmr_u,18.88888888888889,0.8259614966442123,-4.435606601771681,0.9088242385875347,-4.880598924898128
1000,nmmr_u,21.11111111111111,0.8265938455638326,-4.525145651095907,0.9091720659830199,-4.977215887295443
1000,nmmr_u,23.333333333333336,0.8438103785186902,-3.876428878743468,0.9185915188584588,-4.219970247015493
1000,nmmr_u,25.55555555555556,0.9393280292896037,-3.3981229327489246,0.9691893670947921,-3.50614962165239
1000,nmmr_u,27.77777777777778,1.1821409437880073,-3.174500548569636,1.0872630517901394,-2.9197171221287577
1000,nmmr_u,30.0,1.819663303372868,-2.781390547865558,1.3489489624788877,-2.061894575132296
1000,nmmr_v,10.0,5.247254502109558,11.408894821511998,2.2906886523728094,4.980552380915712
1000,nmmr_v,12.22222222222222,2.6482021231824224,4.378194398627213,1.6273297524418406,2.6904162429634466
1000,nmmr_v,14.444444444444445,1.362024908574257,-0.03671267976757662,1.1670582284420332,-0.031457453341112454
1000,nmmr_v,16.666666666666668,1.041964795193014,-2.4778512545731273,1.0207667682644326,-2.427441146801943
1000,nmmr_v,18.88888888888889,1.1236637778247414,-3.616520336207716,1.0600300834527014,-3.4117148113646767
1000,nmmr_v,21.11111111111111,1.2095190769000161,-3.798738600009483,1.0997813768654279,-3.4540852208614066
1000,nmmr_v,23.333333333333336,0.8856262808971976,-3.355177963216124,0.9410771917846047,-3.565252662062245
1000,nmmr_v,25.55555555555556,0.7641254348707944,-3.057334854440818,0.8741426856473686,-3.4975238077713033
1000,nmmr_v,27.77777777777778,0.7245997220979359,-2.8540951606912164,0.8512342345664534,-3.3528904792519896
1000,nmmr_v,30.0,0.678409883734812,-2.3830268622576476,0.8236564112145379,-2.8932293002414817
1000,pmmr,10.0,2.9655835054945583,-35.79443563309219,1.7220869622334867,-20.785498304143747
1000,pmmr,12.22222222222222,1.9551737545767196,-35.37583352531987,1.3982752785402164,-25.29962023089748
1000,pmmr,14.444444444444445,1.8837573214328545,-33.90265616742749,1.3725003903215673,-24.701381803967525
1000,pmmr,16.666666666666668,2.732472248541771,-30.865473552836487,1.653019131329632,-18.672181687340398
1000,pmmr,18.88888888888889,3.248774239971357,-25.525160270984394,1.8024356410067344,-14.161482213438447
1000,pmmr,21.11111111111111,2.2816585849623023,-18.546705250322503,1.5105159995717696,-12.27839046761536
1000,pmmr,23.333333333333336,0.8811243297785026,-11.955942936839538,0.9386822304584777,-12.736943929363544
1000,pmmr,25.55555555555556,0.42323696678333,-7.8166085506319005,0.6505666505311581,-12.015077231902364
1000,pmmr,27.77777777777778,0.4688612759715007,-6.13045303111154,0.6847344565388108,-8.95303715559999
1000,pmmr,30.0,0.4339937809029639,-5.405758531412237,0.6587820435492788,-8.205685908328602
1000,twosls,10.0,3.030192223885314,22.344202133523716,1.7407447325456176,12.836001577812139
1000,twosls,12.22222222222222,2.3165316934856657,12.929253167853293,1.522015667950125,8.494822648748825
1000,twosls,14.444444444444445,1.7123842527371478,6.180066647624999,1.3085810073270772,4.722723784787672
1000,twosls,16.666666666666668,1.2177489059396644,1.4884621075484534,1.1035166088191262,1.3488352559924384
1000,twosls,18.88888888888889,0.8326204767256125,-1.6904226570695329,0.9124803979952734,-1.8525577763461054
1000,twosls,21.11111111111111,0.5570029162312781,-3.6425421965060663,0.7463262800084679,-4.880629684465537
1000,twosls,23.333333333333336,0.39089339248909605,-4.486454666096984,0.6252146771222634,-7.175862676076682
1000,twosls,25.55555555555556,0.33429363906597215,-4.785089256601464,0.5781813202326517,-8.276104898504874
1000,twosls,27.77777777777778,0.3872036389110076,-4.859217345444637,0.6222568914130302,-7.809021342311298
1000,twosls,30.0,0.5496234308809897,-4.874688696974445,0.7413659223898748,-6.575280235784711
5000,cevae,10.0,124.19169815624701,-13.645860389364467,11.144132902843856,-1.2244883032471912
5000,cevae,12.22222222222222,112.62286285158706,-16.590987806572976,10.612391947699022,-1.5633598804433748
5000,cevae,14.444444444444445,102.05363810415349,-16.842693838977787,10.102160071200291,-1.6672368800603075
5000,cevae,16.666666666666668,92.52823249031691,-15.011881310572889,9.619159656140287,-1.5606229491149173
5000,cevae,18.88888888888889,84.06814886824397,-11.645234993037544,9.168868461715654,-1.2700842030466342
5000,cevae,21.11111111111111,76.68435061937585,-7.030315519565145,8.756960124345426,-0.8028260286374953
5000,cevae,23.333333333333336,70.38735611968644,-1.2873008613179313,8.389717284848546,-0.1534379309351388
5000,cevae,25.55555555555556,65.19027302480488,5.019057128591408,8.074049357342627,0.6216282445718546
5000,cevae,27.77777777777778,61.10971813397155,11.566124069960637,7.817270504080791,1.4795604250771237
5000,cevae,30.0,58.16833703543156,18.186231446153005,7.62681696616823,2.3845113271795095
5000,dfpv,10.0,4.987894050422199,16.925225921975862,2.233359364370678,7.578371036917785
5000,dfpv,12.22222222222222,3.8119526407289293,8.367625970587664,1.9524222495989256,4.285766550912117
5000,dfpv,14.444444444444445,2.8005845341970796,2.442057767009767,1.6734947069522148,1.4592563435454582
5000,dfpv,16.666666666666668,2.0092820013426005,-1.4537181445267415,1.4174914466558874,-1.025556907561114
5000,dfpv,18.88888888888889,1.4561261870726756,-3.8375261574357444,1.206700537446087,-3.180181029468711
5000,dfpv,21.11111111111111,1.195346572511294,-5.032470823520225,1.0933190625390623,-4.602929735655665
5000,dfpv,23.333333333333336,1.1239577303174844,-5.132029617268858,1.0601687272870692,-4.840766837559455
5000,dfpv,25.55555555555556,1.0024123176244213,-4.603358223276269,1.0012054322787214,-4.5978158676178245
5000,dfpv,27.77777777777778,1.3393470630328463,-3.8495358345193424,1.157301630100315,-3.3263029571518574
5000,dfpv,30.0,2.156701732112713,-3.036461043471026,1.4685713234680544,-2.067629263181018
5000,kpv,10.0,1.8331032680133397,-30.722248271597135,1.3539214408573859,-22.691307888692513
5000,kpv,12.22222222222222,1.5112934694139464,-32.4327087690974,1.229346765324555,-26.382067032595945
5000,kpv,14.444444444444445,1.920589121858133,-32.12287696352002,1.385853210790426,-23.17913377362573
5000,kpv,16.666666666666668,2.4836855268162537,-28.745333058467168,1.5759712963173707,-18.239756730111413
5000,kpv,18.88888888888889,2.61705230559333,-22.68091910177167,1.6177306035286994,-14.020207723275169
5000,kpv,21.11111111111111,2.1434736835498907,-15.74298431991915,1.4640606830148437,-10.752958878385192
5000,kpv,23.333333333333336,1.3010100607816473,-9.906039131123839,1.1406182800488722,-8.684797801679448
5000,kpv,25.55555555555556,0.6798807519970534,-6.488521911935936,0.8245488172310075,-7.869178605732081
5000,kpv,27.77777777777778,0.5245071377455078,-5.072340094773251,0.7242286501827361,-7.003782705218038
5000,kpv,30.0,0.6851533209201547,-4.379520011061358,0.8277398872352079,-5.290937501743091
5000,linear_reg_aw2y,10.0,0.9117354714029827,34.767809387552035,0.9548484023147249,36.41186318505491
5000,linear_reg_aw2y,12.22222222222222,0.6424655489223855,23.373363656744896,0.801539486814209,29.160589142831178
5000,linear_reg_aw2y,14.444444444444445,0.4506789826179892,14.945429196453123,0.6713262862557887,22.2625413341235
5000,linear_reg_aw2y,16.666666666666668,0.3174198723496174,8.875822871098254,0.5634002772005152,15.754026453805475
5000,linear_reg_aw2y,18.88888888888889,0.22662632124617907,4.619680950108202,0.476052855517304,9.704134523231069
5000,linear_reg_aw2y,21.11111111111111,0.16515664113256615,1.8910517442287964,0.406394686398046,4.653239344710804
5000,linear_reg_aw2y,23.333333333333336,0.12277749892041588,0.5713732834269433,0.35039620277682215,1.6306491876878815
5000,linear_reg_aw2y,25.55555555555556,0.09216259426332331,0.09772438780771679,0.30358292814867455,0.321903436414112
5000,linear_reg_aw2y,27.77777777777778,0.06890020261524013,0.1493241432028256,0.26248848091914456,0.5688788425303225
5000,linear_reg_aw2y,30.0,0.051486965205243075,0.5603306053937193,0.22690739345654445,2.469424186043675
5000,linear_reg_awy,10.0,0.15231761413895584,19.96498651157547,0.3902788927663855,51.15569117781161
5000,linear_reg_awy,12.22222222222222,0.12996668216563717,10.873303003058371,0.36050892106248517,30.160981789334855
5000,linear_reg_awy,14.444444444444445,0.1109065245861446,4.447381177043946,0.3330263121528757,13.35444382245201
5000,linear_reg_awy,16.666666666666668,0.09513824466829704,0.07904381073448903,0.30844488108622753,0.2562655942161409
5000,linear_reg_awy,18.88888888888889,0.08266019745937608,-2.7765766411393566,0.28750686506477735,-9.65742727748005
5000,linear_reg_awy,21.11111111111111,0.07347200265821323,-4.405432058566612,0.2710571944409763,-16.252776716191946
5000,linear_reg_awy,23.333333333333336,0.06757677141531081,-4.926079833943662,0.2599553258067832,-18.94971691253237
5000,linear_reg_awy,25.55555555555556,0.06497171722382311,-4.901446678476463,0.2548955025570736,-19.229239548387017
5000,linear_reg_awy,27.77777777777778,0.06565818951145748,-4.652311217514949,0.2562385402539155,-18.156172810322815
5000,linear_reg_awy,30.0,0.06963512805596131,-4.34451673042171,0.26388468704333967,-16.46369396837407
5000,linear_reg_awzy,10.0,0.7294115150302931,9.528797623025673,0.8540559203180393,11.157112077013965
5000,linear_reg_awzy,12.22222222222222,0.5636039715194029,1.7901424119328773,0.7507356202548291,2.384517749837463
5000,linear_reg_awzy,14.444444444444445,0.42090064972852775,-3.282752070331541,0.6487685640723723,-5.059974006332001
5000,linear_reg_awzy,16.666666666666668,0.30129945051219065,-6.298064000239634,0.5489075063361682,-11.473816494654569
5000,linear_reg_awzy,18.88888888888889,0.20480006840918796,-7.800657680568065,0.4525484155415727,-17.23717819502888
5000,linear_reg_awzy,21.11111111111111,0.1314049854446859,-8.076485372775593,0.3624982557815774,-22.28006685263077
5000,linear_reg_awzy,23.333333333333336,0.08111197041193693,-7.244104850728331,0.2848016334432388,-25.4356155305271
5000,linear_reg_awzy,25.55555555555556,0.05392234546276355,-5.8664470217992175,0.23221185469903027,-25.263339933280832
5000,linear_reg_awzy,27.77777777777778,0.04983475175441123,-4.264281928269344,0.22323698563278271,-19.10204044451641
5000,linear_reg_awzy,30.0,0.06884962284775192,-2.603462386244465,0.26239211658842176,-9.922029747289079
5000,linear_reg_awzy2,10.0,8.76511630365965,15.138679214822545,2.960593910630036,5.113392674512704
5000,linear_reg_awzy2,12.22222222222222,5.416587746949667,8.419319696173602,2.3273563858914406,3.6175463917825263
5000,linear_reg_awzy2,14.444444444444445,3.182716194634106,3.94295784482959,1.7840168706136459,2.210157263520348
5000,linear_reg_awzy2,16.666666666666668,1.7725166372337136,1.1014196804854657,1.3313589437990467,0.827289804613137
5000,linear_reg_awzy2,18.88888888888889,0.9420751172529584,-0.6501587181657236,0.9706055415321707,-0.6698485536558973
5000,linear_reg_awzy2,21.11111111111111,0.49458215633191766,-1.5977359068332144,0.7032653527168231,-2.271882015317423
5000,linear_reg_awzy2,23.333333333333336,0.2802768130172107,-1.8598664168904402,0.5294117613136402,-3.51308103219225
5000,linear_reg_awzy2,25.55555555555556,0.19647965105445944,-1.9994809649754863,0.4432602520579298,-4.510851030951843
5000,linear_reg_awzy2,27.77777777777778,0.18758689141659957,-2.3373480674905336,0.43311302383627254,-5.3966238345538855
5000,linear_reg_awzy2,30.0,0.24505989122320412,-3.039324164503742,0.4950352424052293,-6.139611696606828
5000,linear_reg_ay,10.0,0.08055034273260125,-12.717558103887646,0.2838139227250863,-44.80949342364148
5000,linear_reg_ay,12.22222222222222,0.062224208623899206,-17.572976324518848,0.24944780741449543,-70.44750766367201
5000,linear_reg_ay,14.444444444444445,0.047815807645550094,-19.762632862647358,0.21866825934632145,-90.37723591766367
5000,linear_reg_ay,16.666666666666668,0.037325139797552684,-19.894707039154405,0.19319715266419607,-102.97619175441066
5000,linear_reg_ay,18.88888888888889,0.030752205079905674,-18.514059151384526,0.17536306646470823,-105.5755896872987
5000,linear_reg_ay,21.11111111111111,0.028097003492610146,-15.906650806804782,0.16762160807190146,-94.89618307433018
5000,linear_reg_ay,23.333333333333336,0.029359535035665157,-12.191030814742703,0.1713462431326265,-71.14851537950864
5000,linear_reg_ay,25.55555555555556,0.03453979970907205,-7.930135613882271,0.18584886254446661,-42.669809786890085
5000,linear_reg_ay,27.77777777777778,0.04363779751283093,-3.4447306688678565,0.20889661919914101,-16.490121678723757
5000,linear_reg_ay,30.0,0.056653528446940854,1.0993256728837513,0.23802001690391683,4.618626984332682
5000,linear_reg_ay2,10.0,0.3705915583962962,-7.276555534569124,0.6087623168333403,-11.953032133165387
5000,linear_reg_ay2,12.22222222222222,0.17895620781045293,-13.852072093262189,0.42303215930996657,-32.744725875822645
5000,linear_reg_ay2,14.444444444444445,0.07814644585314065,-17.50373905349779,0.27954685806343926,-62.614687121704506
5000,linear_reg_ay2,16.666666666666668,0.03796288069308353,-18.83973573615716,0.1948406546208556,-96.69304269592907
5000,linear_reg_ay2,18.88888888888889,0.033721899203185524,-18.404922438584844,0.18363523410060914,-100.22544164101562
5000,linear_reg_ay2,21.11111111111111,0.04625566696053081,-16.485260768247887,0.2150713066881094,-76.65020974719964
5000,linear_reg_ay2,23.333333333333336,0.061912128246392084,-13.199299534473832,0.24882147866772292,-53.04726748328758
5000,linear_reg_ay2,25.55555555555556,0.07255500604621809,-9.10997517594666,0.2693603646534102,-33.8207708757322
5000,linear_reg_ay2,27.77777777777778,0.07556380204964648,-4.538053157310739,0.27488870847971636,-16.508692490166784
5000,linear_reg_ay2,30.0,0.07383379665049658,0.35060817401714317,0.2717237506190737,1.2903111090522836
5000,naivenet_awy,10.0,12.442002883599306,18.844510361062778,3.5273223390554067,5.342440681536695
5000,naivenet_awy,12.22222222222222,4.925265506258396,12.609408731207784,2.219293920655485,5.681720935586351
5000,naivenet_awy,14.444444444444445,2.693854771623549,8.300604977703122,1.6412966738598933,5.057345883838481
5000,naivenet_awy,16.666666666666668,1.6907617960117398,5.2956306866500125,1.300292965454993,4.072644263515636
5000,naivenet_awy,18.88888888888889,1.1507926306641392,3.034606716099412,1.0727500317707472,2.828810651340931
5000,naivenet_awy,21.11111111111111,0.7051630457692805,1.3489765870632708,0.8397398679170118,1.6064219868581788
5000,naivenet_awy,23.333333333333336,0.39001141159587055,0.4172326202799702,0.6245089363618991,0.668097117569806
5000,naivenet_awy,25.55555555555556,0.22823093922051968,-0.1566638491917942,0.47773521873577596,-0.3279302907714687
5000,naivenet_awy,27.77777777777778,0.16615873895333574,-0.5421736595315491,0.40762573391940765,-1.330077113430584
5000,naivenet_awy,30.0,0.11829381418968932,-0.6894853354632147,0.34393867794955735,-2.0046751926060953
5000,naivenet_awzy,10.0,106.82927523284944,21.861683746682896,10.335824845306224,2.1151368249637934
5000,naivenet_awzy,12.22222222222222,57.036505855346654,14.9431462952947,7.552251707626452,1.9786345680460753
5000,naivenet_awzy,14.444444444444445,28.181330604120138,10.184872403240231,5.308609102591764,1.918557612062222
5000,naivenet_awzy,16.666666666666668,13.964100934973128,6.800796931156848,3.7368570931965177,1.8199242736733685
5000,naivenet_awzy,18.88888888888889,6.445650400239219,4.227567264500292,2.5388285488073468,1.6651645368042896
5000,naivenet_awzy,21.11111111111111,2.7705933351924448,2.2796679246487184,1.6645099384480841,1.369573032873676
5000,naivenet_awzy,23.333333333333336,1.1386813565737561,1.161767875712099,1.0670901351684197,1.0887251577194426
5000,naivenet_awzy,25.55555555555556,0.5699317771083647,0.4471916653345712,0.7549382604613206,0.5923552808958252
5000,naivenet_awzy,27.77777777777778,0.4239035104747593,-0.023923957077936465,0.6510787283230495,-0.036745106293913476
5000,naivenet_awzy,30.0,0.501829026912426,-0.14059731971614403,0.7083989179215522,-0.19847195719702346
5000,naivenet_ay,10.0,1.2555877221593126,-7.105244544637898,1.1205301076541017,-6.340967097718742
5000,naivenet_ay,12.22222222222222,0.9997605658204859,-12.562086515679425,0.9998802757432941,-12.563590682235413
5000,naivenet_ay,14.444444444444445,1.0763698847009735,-16.287943491840334,1.0374824744066637,-15.699487840655244
5000,naivenet_ay,16.666666666666668,1.0143081976312176,-18.23033481322792,1.0071286897071385,-18.10129628868888
5000,naivenet_ay,18.88888888888889,0.987001155096252,-18.842632511195504,0.9934793179006053,-18.966305761667254
5000,naivenet_ay,21.11111111111111,0.8887963149976521,-17.732302023166223,0.942759945584056,-18.80892596914558
5000,naivenet_ay,23.333333333333336,0.7961440564590867,-14.05914849086505,0.8922690493674466,-15.756624642345217
5000,naivenet_ay,25.55555555555556,1.0276881271862948,-8.171344711618554,1.013749538686107,-8.060516330502315
5000,naivenet_ay,27.77777777777778,0.9638549809025525,-1.7416058418435605,0.9817611628611882,-1.773960824410618
5000,naivenet_ay,30.0,2.6831038443921202,1.2479828118146166,1.6380182674171007,0.7618857717517954
5000,nmmr_u,10.0,5.833161956630034,10.970897003518834,2.4151939790894716,4.5424496328261235
5000,nmmr_u,12.22222222222222,3.9281134353498834,4.565963144049576,1.9819468800525113,2.3037767510341154
5000,nmmr_u,14.444444444444445,2.9002334256343962,0.7942615176201191,1.7030071713396853,0.4663876529629094
5000,nmmr_u,16.666666666666668,2.37732130409058,-1.196208722224495,1.5418564473032437,-0.7758236665395811
5000,nmmr_u,18.88888888888889,1.7010023133041858,-2.17130682760176,1.3042247940076073,-1.6648256018272685
5000,nmmr_u,21.11111111111111,0.9362488252365061,-2.569462324374718,0.9675995169678963,-2.655501867576862
5000,nmmr_u,23.333333333333336,0.489806192237149,-2.4418501739094833,0.6998615521923954,-3.4890474641164553
5000,nmmr_u,25.55555555555556,0.28891108460910925,-2.1354228518773413,0.5375044972919848,-3.9728464833985018
5000,nmmr_u,27.77777777777778,0.21616962017463756,-1.8978096840066467,0.4649404479873068,-4.081833904152942
5000,nmmr_u,30.0,0.3319635075205686,-1.7569015265642889,0.5761627439539705,-3.049314703181585
5000,nmmr_v,10.0,12.669575671693547,14.58696984897782,3.559434740474047,4.098114142425637
5000,nmmr_v,12.22222222222222,6.585618664008547,8.014175386176044,2.56624602561963,3.122917797501894
5000,nmmr_v,14.444444444444445,4.014385944884077,3.9709931994438477,2.0035932583446363,1.9819357960530732
5000,nmmr_v,16.666666666666668,2.6004322807716176,1.5620043209883954,1.6125855886654876,0.9686334368652325
5000,nmmr_v,18.88888888888889,1.5306521130407145,0.06915337747636521,1.23719526067663,0.055895281589217194
5000,nmmr_v,21.11111111111111,0.8911075478787267,-0.8730260145602642,0.9439849299002219,-0.9248304574656102
5000,nmmr_v,23.333333333333336,0.4792036818101467,-1.2124167327473743,0.6922453913245986,-1.7514262253554878
5000,nmmr_v,25.55555555555556,0.3153139599229793,-1.2123958133031238,0.5615282360870015,-2.1591003539762847
5000,nmmr_v,27.77777777777778,0.22499848646739648,-1.1794701454324283,0.47434005361912723,-2.4865497577809177
5000,nmmr_v,30.0,0.20715473160380413,-1.117002654188801,0.4551425398749321,-2.454182055792325
5000,pmmr,10.0,0.7358242420582367,-32.79641025945384,0.8578019830113688,-38.23307815670925
5000,pmmr,12.22222222222222,0.592589099443283,-33.02367631869139,0.7697980900491265,-42.89914036625358
5000,pmmr,14.444444444444445,0.8998394990450365,-31.443102082777408,0.9485987028480676,-33.146895508472454
5000,pmmr,16.666666666666668,1.2600682352564552,-27.389720127321418,1.1225276100196624,-24.400041373451522
5000,pmmr,18.88888888888889,1.1710853558192853,-21.348444318821585,1.082166972245635,-19.727495725101303
5000,pmmr,21.11111111111111,0.7379210632634056,-15.0236733629465,0.8590233193944188,-17.48924973717554
5000,pmmr,23.333333333333336,0.39519828388657974,-9.790149223234339,0.6286479808975606,-15.573340757821766
5000,pmmr,25.55555555555556,0.21627006757422643,-6.267730660476131,0.46504845723239036,-13.477586180538752
5000,pmmr,27.77777777777778,0.16345690342526115,-4.248557794398122,0.40429803786966506,-10.50847987485842
5000,pmmr,30.0,0.15229458571280566,-3.4408353990182987,0.390249389125474,-8.817016745955732
5000,twosls,10.0,0.2982872588466582,22.77607621799637,0.546156807928509,41.70244861431393
5000,twosls,12.22222222222222,0.23314250376072404,13.32227417920583,0.48284832376298464,27.59101258834508
5000,twosls,14.444444444444445,0.17860698599389768,6.534235348796874,0.4226191973797424,15.46128379711433
5000,twosls,16.666666666666668,0.13467393793705015,1.8037815502974766,0.3669794789045433,4.915210942262704
5000,twosls,18.88888888888889,0.10135015607639138,-1.4139564781754899,0.31835539272390434,-4.441440322645177
5000,twosls,21.11111111111111,0.07863147027398382,-3.404930616611046,0.2804130351356438,-12.142554696018264
5000,twosls,23.333333333333336,0.06651757900606137,-4.287694824178038,0.2579100211431525,-16.624770162762154
5000,twosls,25.55555555555556,0.06501230589205208,-4.625181724863181,0.254975108377371,-18.139738244635904
5000,twosls,27.77777777777778,0.07411179404436187,-4.738161170212702,0.27223481416667095,-17.404684939788215
5000,twosls,30.0,0.09381783378102192,-4.7924871207415345,0.30629696991812033,-15.646537809442476
10000,cevae,10.0,162.83918311398025,-16.043941310537562,12.760845705280675,-1.2572788419421357
10000,cevae,12.22222222222222,167.01148360193596,-19.34922452475077,12.923292289580699,-1.4972364697153007
10000,cevae,14.444444444444445,172.81802311717408,-19.96260560503003,13.146026894737972,-1.5185276711262905
10000,cevae,16.666666666666668,180.2645859570511,-18.494904930224685,13.426264780535616,-1.37751677272425
10000,cevae,18.88888888888889,189.3501941939574,-15.493380692538583,13.760457630251889,-1.1259349876908835
10000,cevae,21.11111111111111,200.06976895377997,-11.246120835536523,14.144602113660884,-0.7950821624508616
10000,cevae,23.333333333333336,212.41353115236828,-5.873624360997498,14.574413578335434,-0.40300931007807544
10000,cevae,25.55555555555556,226.37049863400543,0.05956954733835573,15.045613933436064,0.00395926331766187
10000,cevae,27.77777777777778,241.93000184693827,6.23129357126526,15.554099197540765,0.40062066546743386
10000,cevae,30.0,259.0822667285398,12.474486994630178,16.096032639397194,0.7750038331866451
10000,dfpv,10.0,261.77986997720853,7.311129661905073,16.17961278823472,0.4518729686300951
10000,dfpv,12.22222222222222,316.13701188247995,0.1257157990788727,17.780242177273063,0.007070533563348438
10000,dfpv,14.444444444444445,385.0673585693027,-4.37245448579785,19.623133250561764,-0.22282142357019755
10000,dfpv,16.666666666666668,467.4428119069895,-6.801258999934459,21.62042580309161,-0.3145756268575392
10000,dfpv,18.88888888888889,561.9958338137474,-7.734240177211132,23.706451312116442,-0.3262504402444299
10000,dfpv,21.11111111111111,669.7273824442175,-7.449253584140341,25.87909160778673,-0.2878483409324516
10000,dfpv,23.333333333333336,789.86062457156,-6.047948348958312,28.104459158140013,-0.21519532950010956
10000,dfpv,25.55555555555556,924.3489535406866,-4.109638264017235,30.403107629659942,-0.13517165133501194
10000,dfpv,27.77777777777778,1069.678194477246,-1.9402250168008415,32.705935156745575,-0.05932333099488432
10000,dfpv,30.0,1227.9064321583749,0.2797346352399142,35.04149586074166,0.007982953591696172
10000,kpv,10.0,0.9936658029424229,-30.6276364361174,0.9968278702676922,-30.725100440753657
10000,kpv,12.22222222222222,0.6659187954784249,-32.16513102556713,0.8160384767144407,-39.41619414205978
10000,kpv,14.444444444444445,0.620786897849403,-31.566854033374756,0.7879003095883407,-40.06452802368829
10000,kpv,16.666666666666668,0.5674680130807438,-28.04473300658729,0.7533047279028214,-37.22893534023478
10000,kpv,18.88888888888889,0.47237728236344195,-22.193362262782415,0.6872970845009034,-32.29078481963682
10000,kpv,21.11111111111111,0.3775159118581782,-15.702764059299033,0.6144232351223203,-25.556917710270028
10000,kpv,23.333333333333336,0.40593336291169474,-10.162796867329893,0.6371290002124332,-15.950924952311677
10000,kpv,25.55555555555556,0.4146413086602584,-6.677222778635157,0.6439264776822416,-10.369542191632265
10000,kpv,27.77777777777778,0.2954676344217193,-5.015435111252742,0.5435693464699047,-9.226854206964422
10000,kpv,30.0,0.48159267047824367,-4.18493707191341,0.693968782063173,-6.030439956494252
10000,linear_reg_aw2y,10.0,0.4090108188843407,34.70863504062821,0.6395395366076602,54.27128903513122
10000,linear_reg_aw2y,12.22222222222222,0.30378569914334336,23.326443261847437,0.5511675780952136,42.32187122192776
10000,linear_reg_aw2y,14.444444444444445,0.22665414332923572,14.909807553386717,0.4760820762528618,31.317725024933853
10000,linear_reg_aw2y,16.666666666666668,0.1708294410454615,8.850549738774035,0.4133151836618896,21.41356061579916
10000,linear_reg_aw2y,18.88888888888889,0.13058018511157946,4.603805705967576,0.3613588038384833,12.740261637641852
10000,linear_reg_aw2y,21.11111111111111,0.1012104856923737,1.8836212861599493,0.31813595473063666,5.920806052100579
10000,linear_reg_aw2y,23.333333333333336,0.07908271723040061,0.5714404220988165,0.28121649530281934,2.0320302387791247
10000,linear_reg_aw2y,25.55555555555556,0.06160420835501405,0.10433258788095756,0.24820195074780144,0.42035361755464257
10000,linear_reg_aw2y,27.77777777777778,0.047230781367703804,0.16152640608124463,0.2173264396425428,0.7432432351393704
10000,linear_reg_aw2y,30.0,0.035467249738805974,0.5771688698590512,0.1883275065910606,3.064708285616138
10000,linear_reg_awy,10.0,0.10181050642307621,19.87913369785477,0.3190775868391201,62.301880538785355
10000,linear_reg_awy,12.22222222222222,0.08763614576064824,10.798351068243917,0.29603402804516954,36.47672242123558
10000,linear_reg_awy,14.444444444444445,0.07510701707169358,4.383333554363281,0.2740565946509837,15.994264104264815
10000,linear_reg_awy,16.666666666666668,0.06422183422914156,0.025897257694937538,0.2534202719380231,0.10219094746007935
10000,linear_reg_awy,18.88888888888889,0.05498146339098413,-2.8188186913102555,0.23448126447753587,-12.021509256149155
10000,linear_reg_awy,21.11111111111111,0.047386663086791826,-4.436770750278038,0.2176847791803364,-20.381630571435075
10000,linear_reg_awy,23.333333333333336,0.041436490351426804,-4.946516693074523,0.20355954989001818,-24.300096437367305
10000,linear_reg_awy,25.55555555555556,0.03713063562371608,-4.91098132355703,0.19269311254872626,-25.486024168690466
10000,linear_reg_awy,27.77777777777778,0.034469730247196934,-4.65094059678741,0.18566025489370883,-25.050814453799443
10000,linear_reg_awy,30.0,0.03345391526247639,-4.332245993727374,0.18290411494134404,-23.68588588133565
10000,linear_reg_awzy,10.0,0.3990029947054088,9.71907968174149,0.6316668383771692,15.386401646018045
10000,linear_reg_awzy,12.22222222222222,0.3123642316516982,1.9547834107732094,0.5588955462800703,3.49758273041174
10000,linear_reg_awzy,14.444444444444445,0.23711956922504296,-3.143751940631834,0.4869492470730835,-6.456015610513935
10000,linear_reg_awzy,16.666666666666668,0.1732679139600608,-6.184703023066781,0.41625462635274196,-14.85798026380552
10000,linear_reg_awzy,18.88888888888889,0.12081073996960168,-7.712934330043163,0.3475783939913436,-22.190488429022583
10000,linear_reg_awzy,21.11111111111111,0.07974782095204172,-8.014401556247273,0.2823965668205648,-28.37995392960863
10000,linear_reg_awzy,23.333333333333336,0.05007917888778083,-7.207660186726867,0.22378377708802047,-32.20814431017442
10000,linear_reg_awzy,25.55555555555556,0.03180473800258339,-5.855641891794335,0.1783388292060464,-32.8343632054965
10000,linear_reg_awzy,27.77777777777778,0.024924052792669026,-4.279116904465633,0.15787353417425298,-27.104713445779684
10000,linear_reg_awzy,30.0,0.029437718202212408,-2.643936705702472,0.17157423525171955,-15.40987026300019
10000,linear_reg_awzy2,10.0,6.665534034018912,16.14025087009598,2.5817695547858084,6.251623364361435
10000,linear_reg_awzy2,12.22222222222222,4.107817757951326,9.1973584840154,2.0267752115001127,4.537927260916121
10000,linear_reg_awzy2,14.444444444444445,2.4055775486686444,4.5310245181083975,1.5509924399134396,2.921371117941279
10000,linear_reg_awzy2,16.666666666666668,1.3342990173726523,1.5330725125167148,1.155118616148425,1.327199208015989
10000,linear_reg_awzy2,18.88888888888889,0.7058373982302385,-0.34135935598310746,0.840141296586615,-0.40631183988932124
10000,linear_reg_awzy2,21.11111111111111,0.3683711807479432,-1.3782300245700312,0.606935895089377,-2.2707999901160467
10000,linear_reg_awzy2,23.333333333333336,0.20642033403396126,-1.696095931966124,0.4543350460111582,-3.7331391158507916
10000,linear_reg_awzy2,25.55555555555556,0.14084603594946188,-1.8578828357030257,0.37529459888128136,-4.950465157881844
10000,linear_reg_awzy2,27.77777777777778,0.1288485777014049,-2.1843642112893606,0.3589548407549408,-6.085345462106836
10000,linear_reg_awzy2,30.0,0.16397011801615732,-2.84139344703548,0.4049322387957735,-7.01696030794063
10000,linear_reg_ay,10.0,0.0555862659898711,-12.72672455722983,0.23576739806400523,-53.98000173787737
10000,linear_reg_ay,12.22222222222222,0.04192861196966838,-17.58432574324133,0.20476477228680812,-85.87573705603751
10000,linear_reg_ay,14.444444444444445,0.030757607910092088,-19.776165246750132,0.17537847048623753,-112.7627877693347
10000,linear_reg_ay,16.666666666666668,0.022073253811141186,-19.910422388637475,0.1485707030714373,-134.0131127942764
10000,linear_reg_ay,18.88888888888889,0.01587554967281596,-18.531957466247903,0.12599821297469246,-147.08111352317485
10000,linear_reg_ay,21.11111111111111,0.012164495495116638,-15.926732087048439,0.1102927717265127,-144.40413308807885
10000,linear_reg_ay,23.333333333333336,0.010940091278043303,-12.21329506036666,0.10459489126168306,-116.76760607562137
10000,linear_reg_ay,25.55555555555556,0.012202337021595447,-7.954582824886522,0.11046418886496857,-72.01051224492495
10000,linear_reg_ay,27.77777777777778,0.01595123272577334,-3.471360845252401,0.1262981897169288,-27.485436276107652
10000,linear_reg_ay,30.0,0.02218677839057692,1.0705125311189108,0.1489522688332639,7.1869501519123205
10000,linear_reg_ay2,10.0,0.12926674622069897,-7.034092050907711,0.35953684960056453,-19.564314641802063
10000,linear_reg_ay2,12.22222222222222,0.05340112353119451,-13.696604829744995,0.23108683115053205,-59.270382312797835
10000,linear_reg_ay2,14.444444444444445,0.01825912553747711,-17.42217783856105,0.13512633176948566,-128.93251530191648
10000,linear_reg_ay2,16.666666666666668,0.008830200196976765,-18.818990398237105,0.09396914491989786,-200.26776251160933
10000,linear_reg_ay2,18.88888888888889,0.013100232738592624,-18.431902806117694,0.11445624814134274,-161.0388520105606
10000,linear_reg_ay2,21.11111111111111,0.022051545662708068,-16.54687666966987,0.1484976284750301,-111.42855841938399
10000,linear_reg_ay2,23.333333333333336,0.029662898741185755,-13.282460798221184,0.17222920408916065,-77.12083945615309
10000,linear_reg_ay2,25.55555555555556,0.032909489017367406,-9.2015916304556,0.18140972690946702,-50.72270262028274
10000,linear_reg_ay2,27.77777777777778,0.0317629508060762,-4.625034631017493,0.178221633945142,-25.951028102688777
10000,linear_reg_ay2,30.0,0.029191355693613547,0.2813518526763435,0.17085477954571113,1.6467309455693018
10000,naivenet_awy,10.0,34.27581057047444,19.44705590854813,5.854554685923981,3.321696858567979
10000,naivenet_awy,12.22222222222222,20.82037172225048,13.854536218390402,4.5629345516071655,3.036321486029321
10000,naivenet_awy,14.444444444444445,11.952883702784156,9.708695950603513,3.4572942748317153,2.80817748760368
10000,naivenet_awy,16.666666666666668,6.2347433255875,6.4361835888716925,2.496946800712322,2.5776214323170987
10000,naivenet_awy,18.88888888888889,2.9083150213346856,3.8102578849226547,1.7053782634168542,2.2342596752045587
10000,naivenet_awy,21.11111111111111,1.1415635891045397,1.950253366238074,1.0684397919885518,1.8253282785437206
10000,naivenet_awy,23.333333333333336,0.3932523122475113,0.8832305069376851,0.6270983274156544,1.4084402211333928
10000,naivenet_awy,25.55555555555556,0.1746280404476769,0.19338249937998384,0.4178852000821241,0.46276465244995446
10000,naivenet_awy,27.77777777777778,0.11000616048492422,-0.20454930040069003,0.3316717661859752,-0.6167220766267907
10000,naivenet_awy,30.0,0.10797661155137496,-0.3511274100481746,0.3285979481849742,-1.0685623936109248
10000,naivenet_awzy,10.0,66.58626570114754,23.363639160501254,8.16004079040954,2.863176761072131
10000,naivenet_awzy,12.22222222222222,40.20807080414992,16.20671517346853,6.340983425632803,2.555867770913022
10000,naivenet_awzy,14.444444444444445,22.301362872433128,11.06213413724902,4.7224318811850665,2.3424655803554
10000,naivenet_awzy,16.666666666666668,10.946714929926756,7.404948466191027,3.3085820119692904,2.2381033443942204
10000,naivenet_awzy,18.88888888888889,4.778067405032158,4.6761300773054675,2.1858790920433266,2.1392446152793805
10000,naivenet_awzy,21.11111111111111,2.001765870620106,2.6719925630154178,1.414837754168338,1.888550510575012
10000,naivenet_awzy,23.333333333333336,0.8338471874953148,1.4290963287760643,0.9131523353172322,1.5650141531747728
10000,naivenet_awzy,25.55555555555556,0.31858954426574326,0.5666208721827164,0.5644373696573812,1.0038684584733655
10000,naivenet_awzy,27.77777777777778,0.13738433234562056,-0.01651924821563284,0.37065392530718,-0.04456784911138467
10000,naivenet_awzy,30.0,0.12223008783931742,-0.27199666511409254,0.34961419856653053,-0.7779909003390558
10000,naivenet_ay,10.0,1.2599477252905744,-7.463290885580281,1.1224739307843967,-6.648965896575303
10000,naivenet_ay,12.22222222222222,0.29836180414617813,-12.959521894707743,0.5462250489918767,-23.725608920034116
10000,naivenet_ay,14.444444444444445,0.7790809114906322,-16.651045260333987,0.882655601857617,-18.8647137403202
10000,naivenet_ay,16.666666666666668,0.6374480790551654,-18.757711560359265,0.7984034563146414,-23.494025999014553
10000,naivenet_ay,18.88888888888889,0.5360456405174958,-19.30830118947919,0.7321513781435475,-26.372006890757444
10000,naivenet_ay,21.11111111111111,0.6255079638865473,-18.06010410904269,0.790890614362408,-22.835147846080076
10000,naivenet_ay,23.333333333333336,0.5159137678075281,-14.435621536214171,0.7182713747655046,-20.097726351585422
10000,naivenet_ay,25.55555555555556,0.41884073388259635,-8.396825935678612,0.6471790585939847,-12.974501915931828
10000,naivenet_ay,27.77777777777778,0.7777042643435168,-2.268598258225396,0.8818754245036635,-2.5724702097262853
10000,naivenet_ay,30.0,1.8659967869178211,0.6521293877423513,1.366014929244121,0.4773955055551293
10000,nmmr_u,10.0,5.6499034329493245,9.888349815713662,2.376952551682369,4.160095584876041
10000,nmmr_u,12.22222222222222,4.631094605409601,4.343130082831315,2.1519978172409004,2.018185171023867
10000,nmmr_u,14.444444444444445,4.168992474165094,1.142139783000978,2.041811077001272,0.5593758383750146
10000,nmmr_u,16.666666666666668,3.062050134988964,-0.5768579074051601,1.7498714624191585,-0.32965730328996096
10000,nmmr_u,18.88888888888889,1.6469328803501604,-1.4863720207780287,1.283328827834145,-1.15821603048266
10000,nmmr_u,21.11111111111111,0.8838871814168107,-1.9883347761569454,0.9401527436628639,-2.1149061038851324
10000,nmmr_u,23.333333333333336,0.4671285190752421,-1.9627117995808703,0.6834680088162445,-2.871695198990009
10000,nmmr_u,25.55555555555556,0.24974299478080325,-1.649893715219627,0.49974292869514747,-3.301484864483381
10000,nmmr_u,27.77777777777778,0.22907531575654433,-1.4146174308938542,0.47861813145402704,-2.955628585562127
10000,nmmr_u,30.0,0.30206986756020526,-1.2160262824236636,0.5496088314066698,-2.2125304633685814
10000,nmmr_v,10.0,9.350549711904645,15.273618408548128,3.0578668564711324,4.994860510759559
10000,nmmr_v,12.22222222222222,5.569350773739892,10.275671548590598,2.359947197235542,4.354195534810096
10000,nmmr_v,14.444444444444445,3.3445379108184414,6.862442364788085,1.8288077839998498,3.752413143047213
10000,nmmr_v,16.666666666666668,1.9291657612469133,4.380930750736928,1.3889441173952657,3.154144717465406
10000,nmmr_v,18.88888888888889,1.1073507707888846,2.409594318333299,1.0523073556660547,2.289819894690514
10000,nmmr_v,21.11111111111111,0.6695970639627795,0.9608542192043839,0.8182891078114015,1.174223401035225
10000,nmmr_v,23.333333333333336,0.41188986937907807,0.1793007965495022,0.641786467120551,0.27937765243626267
10000,nmmr_v,25.55555555555556,0.2655806428559835,-0.24110102875722533,0.5153451686549351,-0.467843774273669
10000,nmmr_v,27.77777777777778,0.20533853591631226,-0.48232659074492723,0.4531429530692409,-1.0644027176810738
10000,nmmr_v,30.0,0.18420104324663686,-0.5711929084002261,0.42918649005605575,-1.3308734585881838
10000,pmmr,10.0,0.7763852665857573,-31.18177795360389,0.88112727036777,-35.38850629443016
10000,pmmr,12.22222222222222,0.6605697894958281,-31.672107257418496,0.8127544460018832,-38.96885143258277
10000,pmmr,14.444444444444445,0.8277724500118585,-30.016163350303373,0.9098200096787598,-32.99132029521038
10000,pmmr,16.666666666666668,0.9435363811063031,-25.66492793558233,0.9713580087209366,-26.42169797866531
10000,pmmr,18.88888888888889,0.7796168594810273,-19.632133897838287,0.8829591493840626,-22.234475866220233
10000,pmmr,21.11111111111111,0.4611817802717255,-13.80304284941054,0.6791036594450994,-20.325384287708165
10000,pmmr,23.333333333333336,0.22802652799712048,-9.166259251267913,0.4775212330327527,-19.195500884961085
10000,pmmr,25.55555555555556,0.12777513969294355,-5.973796865868181,0.35745648643288536,-16.711955420033476
10000,pmmr,27.77777777777778,0.07521797720124333,-4.047987635175811,0.274258960111139,-14.759727935726984
10000,pmmr,30.0,0.05832638524345081,-3.286276424746158,0.24150856142888766,-13.607287482078785
10000,twosls,10.0,0.3295053277330129,22.517773529397736,0.5740255462372845,39.22782474926574
10000,twosls,12.22222222222222,0.26253214574979583,13.095608682379659,0.5123789083771851,25.558446041146162
10000,twosls,14.444444444444445,0.20435239899058022,6.33920628080371,0.45205353553598077,14.023131736570937
10000,twosls,16.666666666666668,0.15496117971074844,1.6403885296675937,0.3936510887965997,4.167112898588186
10000,twosls,18.88888888888889,0.11436152550752558,-1.5457115440934586,0.33817380961204785,-4.570760656677391
10000,twosls,21.11111111111111,0.08255225880757713,-3.5050473463473737,0.28731908883256807,-12.199145419084564
10000,twosls,23.333333333333336,0.05953266336502172,-4.356173789937316,0.24399316253744022,-17.853671572738726
10000,twosls,25.55555555555556,0.04530338224277807,-4.662023498849999,0.21284591197102676,-21.90327949302878
10000,twosls,27.77777777777778,0.039864680686112076,-4.743365752427058,0.19966141511597096,-23.757047648249564
10000,twosls,30.0,0.04321612063075403,-4.766052413099933,0.20788487350154658,-22.92640312314246
50000,cevae,10.0,197.37705765372453,-12.775108770025478,14.049094549248522,-0.9093190116446906
50000,cevae,12.22222222222222,199.60212693584248,-16.35834916140086,14.128061683608353,-1.1578622409597863
50000,cevae,14.444444444444445,203.05198324556932,-17.25018309106824,14.249630986294674,-1.210570512854649
50000,cevae,16.666666666666668,207.78663500609252,-16.061722762217787,14.41480610365927,-1.1142517385745785
50000,cevae,18.88888888888889,213.844111139425,-13.340151765879947,14.62340969608063,-0.9122463257974217
50000,cevae,21.11111111111111,221.2471042473115,-9.373304821246661,14.87437744066324,-0.6301645133477741
50000,cevae,23.333333333333336,230.006781643045,-4.2812570457051375,15.165974470605079,-0.28229356801326116
50000,cevae,25.55555555555556,240.12546007499236,1.3718364693354261,15.495982062295774,0.08852852718985302
50000,cevae,27.77777777777778,251.59300554000197,7.264392388136907,15.861683565750578,0.4579836912030311
50000,cevae,30.0,264.37884594837675,13.230357718354536,16.259730807992387,0.8136886074307714
50000,dfpv,10.0,149.40331537610965,3.9865149463288985,12.223064892902665,0.3261469182450035
50000,dfpv,12.22222222222222,151.99828295112405,-3.7116336157465666,12.328758370214093,-0.3010549403509895
50000,dfpv,14.444444444444445,161.3754186977555,-8.744577917957276,12.703362495723542,-0.6883671878922647
50000,dfpv,16.666666666666668,178.0382606834489,-11.737224919429087,13.34309786681672,-0.8796476677742642
50000,dfpv,18.88888888888889,201.89791293651066,-13.2591629295915,14.209078539318117,-0.9331472757295208
50000,dfpv,21.11111111111111,232.60803100174334,-13.540904070132777,15.251492746670515,-0.8878412293831914
50000,dfpv,23.333333333333336,271.5130750603902,-12.705224121053039,16.477653809337973,-0.7710578379704107
50000,dfpv,25.55555555555556,317.811702359671,-11.318246509866844,17.827274114672466,-0.6348837425768605
50000,dfpv,27.77777777777778,371.5014392249307,-9.678430640427548,19.274372602627842,-0.5021398537822187
50000,dfpv,30.0,432.13409508485205,-7.982035517805741,20.787835266925992,-0.38397627339799906
50000,kpv,10.0,,999942.5698357547,,
50000,kpv,12.22222222222222,,999937.7085775087,,
50000,kpv,14.444444444444445,,999935.5130809451,,
50000,kpv,16.666666666666668,,999935.3751667432,,
50000,kpv,18.88888888888889,,999936.7499746055,,
50000,kpv,21.11111111111111,,999939.3515429246,,
50000,kpv,23.333333333333336,,999943.0613228913,,
50000,kpv,25.55555555555556,,999947.3163780667,,
50000,kpv,27.77777777777778,,999951.7959429863,,
50000,kpv,30.0,,999956.3341593026,,
50000,linear_reg_aw2y,10.0,0.09367095963511711,34.5967511142366,0.3060571182559182,113.04017796216576
50000,linear_reg_aw2y,12.22222222222222,0.06570514531018792,23.23327958081716,0.25633014904647466,90.6381074065727
50000,linear_reg_aw2y,14.444444444444445,0.04604261428558835,14.833004345989256,0.21457542796319515,69.12722713307822
50000,linear_reg_aw2y,16.666666666666668,0.032604628208853695,8.787745325932239,0.18056751703685162,48.66736537191663
50000,linear_reg_aw2y,18.88888888888889,0.02362837832050434,4.5526361197859355,0.15371525077396953,29.617335279765804
50000,linear_reg_aw2y,21.11111111111111,0.01766934930071167,1.8417277085842663,0.13292610466237123,13.85527480296068
50000,linear_reg_aw2y,23.333333333333336,0.01359597708624752,0.5364562149454958,0.11660178852079209,4.600754600345058
50000,linear_reg_aw2y,25.55555555555556,0.010593003114358951,0.07389817015634961,0.10292231592011011,0.7179994882131345
50000,linear_reg_aw2y,27.77777777777778,0.008159295651804602,0.133278954299017,0.09032881960816604,1.475486504497266
50000,linear_reg_aw2y,30.0,0.006111102206264668,0.5487474678815125,0.0781735390414472,7.019606309374961
50000,linear_reg_awy,10.0,0.015171275538312866,19.849849411355745,0.12317173189621418,161.1558845992475
50000,linear_reg_awy,12.22222222222222,0.012814488598316737,10.770969934210715,0.11320109804377666,95.14898813124066
50000,linear_reg_awy,14.444444444444445,0.010773896756061371,4.35785213956836,0.10379738318503685,41.98421969655759
50000,linear_reg_awy,16.666666666666668,0.009051317940496476,0.0023193768355621812,0.09513841464149209,0.02437897293435292
50000,linear_reg_awy,18.88888888888889,0.007645855621414944,-2.840497234401075,0.08744058337759958,-32.48488430291912
50000,linear_reg_awy,21.11111111111111,0.006557663472822541,-4.456549574130577,0.08097940153410953,-55.0331255813668
50000,linear_reg_awy,23.333333333333336,0.005786405372131679,-4.964392936665831,0.07606842559256553,-65.26220173473685
50000,linear_reg_awy,25.55555555555556,0.005332787479672132,-4.926957275705466,0.0730259370338521,-67.46859370556948
50000,linear_reg_awy,27.77777777777778,0.005196373267091766,-4.665015685288386,0.07208587425488967,-64.71469942631586
50000,linear_reg_awy,30.0,0.005377186636714644,-4.34441907417171,0.07332930271531732,-59.24533458388157
50000,linear_reg_awzy,10.0,0.06954425181504219,9.608565994607705,0.26371244152493484,36.435770489422225
50000,linear_reg_awzy,12.22222222222222,0.05233777950094384,1.8569644639348308,0.22877451672103657,8.117007482084112
50000,linear_reg_awzy,14.444444444444445,0.03770094712790993,-3.2288763379096665,0.19416731735261197,-16.629350304335507
50000,linear_reg_awzy,16.666666666666668,0.025635984789474563,-6.257130200495982,0.1601124129774908,-39.07960715935018
50000,linear_reg_awzy,18.88888888888889,0.016140154997111914,-7.772667339381542,0.1270439097206628,-61.18095197535764
50000,linear_reg_awzy,21.11111111111111,0.009215088707117612,-8.061441351169147,0.09599525356556757,-83.97749942566637
50000,linear_reg_awzy,23.333333333333336,0.004860454829605822,-7.242005813557921,0.06971696228039358,-103.87724273515259
50000,linear_reg_awzy,25.55555555555556,0.0030761349687005862,-5.877292396860253,0.05546291525605723,-105.9679674197865
50000,linear_reg_awzy,27.77777777777778,0.003862352316431738,-4.28807171556182,0.06214782632105276,-68.99793555787201
50000,linear_reg_awzy,30.0,0.007218643352443152,-2.6401958228289373,0.08496259972742802,-31.074800339196976
50000,linear_reg_awzy2,10.0,0.5946584108902938,15.940631576883089,0.7711409799059403,20.67148808357642
50000,linear_reg_awzy2,12.22222222222222,0.3629153590477778,9.031610650763445,0.6024245671017889,14.99210215515234
50000,linear_reg_awzy2,14.444444444444445,0.2097147478567292,4.395749631023437,0.4579462281280731,9.598833577015695
50000,linear_reg_awzy2,16.666666666666668,0.11429914116758223,1.4248718670699376,0.3380815599342594,4.214580254974588
50000,linear_reg_awzy2,18.88888888888889,0.059222263374823544,-0.4258880882829107,0.24335624786477858,-1.7500602183822145
50000,linear_reg_awzy2,21.11111111111111,0.030326262400424055,-1.4424847853122185,0.17414437229041901,-8.28326960176812
50000,linear_reg_awzy2,23.333333333333336,0.016751397369846134,-1.743475997884093,0.1294271894535539,-13.470708938709938
50000,linear_reg_awzy2,25.55555555555556,0.010935901448637665,-1.8917886279393534,0.10457486050020658,-18.09028115256837
50000,linear_reg_awzy2,27.77777777777778,0.008614285472944334,-2.208194243637994,0.09281317510431551,-23.79181879249512
50000,linear_reg_awzy2,30.0,0.008817884129721643,-2.8585494757830388,0.09390358954652182,-30.441322739498183
50000,linear_reg_ay,10.0,0.009647888209274804,-12.733030695088896,0.09822366420203843,-129.63302477596483
50000,linear_reg_ay,12.22222222222222,0.006854314909394468,-17.589630324875934,0.08279079000344464,-212.45878103281888
50000,linear_reg_ay,14.444444444444445,0.004609529251861376,-19.780468272160274,0.06789351406328424,-291.34547747407356
50000,linear_reg_ay,16.666666666666668,0.0029135312366755264,-19.913723857823157,0.0539771362400371,-368.92886961002415
50000,linear_reg_ay,18.88888888888889,0.001766320863837001,-18.534257379209112,0.04202762024950974,-441.001828539776
50000,linear_reg_ay,21.11111111111111,0.00116789813334539,-15.9280304437852,0.03417452462500963,-466.07906382196563
50000,linear_reg_ay,23.333333333333336,0.0011182630452012123,-12.213591860878957,0.03344044026625864,-365.2341824339691
50000,linear_reg_ay,25.55555555555556,0.001617415599404283,-7.953878069174354,0.0402171058059165,-197.77350731201116
50000,linear_reg_ay,27.77777777777778,0.002665355795954513,-3.4696545333157744,0.05162708393812799,-67.20609162186945
50000,linear_reg_ay,30.0,0.004262083634852266,1.0732203992799985,0.0652846355190275,16.439096132614598
50000,linear_reg_ay2,10.0,0.04700056380686378,-7.098027561721901,0.21679613420645621,-32.74056333016717
50000,linear_reg_ay2,12.22222222222222,0.019406017212334148,-13.738496708422739,0.13930548163060255,-98.62136469872176
50000,linear_reg_ay2,14.444444444444445,0.00601722850475727,-17.44541252299526,0.07757079672632781,-224.89665259650764
50000,linear_reg_ay2,16.666666666666668,0.0015058567334889934,-18.82695432632068,0.038805369905323586,-485.16363514261644
50000,linear_reg_ay2,18.88888888888889,0.0016633466658929612,-18.427982415743564,0.04078414723753534,-451.84179795191426
50000,linear_reg_ay2,21.11111111111111,0.0034009287873428507,-16.53445839873095,0.05831748269038069,-283.5248991544394
50000,linear_reg_ay2,23.333333333333336,0.004749619301223504,-13.264931084610376,0.0689174818259018,-192.47556255929413
50000,linear_reg_ay2,25.55555555555556,0.004860220128926458,-9.182336912065825,0.06971527902064553,-131.71197248377305
50000,linear_reg_ay2,27.77777777777778,0.004003318909855069,-4.607441345741664,0.0632717860491947,-72.81984014422027
50000,linear_reg_ay2,30.0,0.003569289001421914,0.2938972669453136,0.05974352685791084,4.9193156548038255
50000,naivenet_awy,10.0,13.41217642883147,18.782142731057895,3.6622638393255436,5.128560790561962
50000,naivenet_awy,12.22222222222222,7.363208149501452,14.633485574469507,2.7135231986296806,5.392799140932115
50000,naivenet_awy,14.444444444444445,3.418246185704048,10.886032071208982,1.8488499630051238,5.888001887137887
50000,naivenet_awy,16.666666666666668,1.3748191619837244,7.565441553959582,1.1725268278311267,6.45225454495886
50000,naivenet_awy,18.88888888888889,0.4934372270999096,4.728789684239061,0.7024508716628585,6.731843997922526
50000,naivenet_awy,21.11111111111111,0.16878244687962354,2.537005876308875,0.41083140931484724,6.175296773291742
50000,naivenet_awy,23.333333333333336,0.06196616046991524,1.2009488220621964,0.24893003127367988,4.824443302069261
50000,naivenet_awy,25.55555555555556,0.030644091917316898,0.3522978283594746,0.17505453983635186,2.0125032386410373
50000,naivenet_awy,27.77777777777778,0.023671316340608494,-0.10887840959258384,0.15385485478400898,-0.707669639319696
50000,naivenet_awy,30.0,0.02766783182619574,-0.26143548499934754,0.16633650178537404,-1.5717264833228297
50000,naivenet_awzy,10.0,48.023874163210195,22.355905624734653,6.929925985406352,3.2259948622559156
50000,naivenet_awzy,12.22222222222222,26.661469855118447,16.905737085089623,5.1634745913114015,3.2741009539461996
50000,naivenet_awzy,14.444444444444445,14.055965958873113,12.594946255779295,3.7491286932930312,3.3594328939177003
50000,naivenet_awzy,16.666666666666668,6.44893609407331,9.138456766972277,2.5394755549272983,3.5985606355773325
50000,naivenet_awzy,18.88888888888889,2.510881101029262,6.165471813145311,1.5845760003954565,3.890928432341912
50000,naivenet_awzy,21.11111111111111,0.9040377003714775,3.6809983003201068,0.9508089715455347,3.8714383335452385
50000,naivenet_awzy,23.333333333333336,0.3254770732868855,1.9121512527872955,0.5705059800623351,3.351676090368708
50000,naivenet_awzy,25.55555555555556,0.13892670969251414,0.6524595715235367,0.3727287347287758,1.7504944232386943
50000,naivenet_awzy,27.77777777777778,0.0923518423598776,-0.15217732164092473,0.30389445924510966,-0.5007571444999078
50000,naivenet_awzy,30.0,0.11013833135837404,-0.5326335669695617,0.33187095588251475,-1.6049417929724428
50000,naivenet_ay,10.0,0.48356491749424946,-7.141739753378133,0.6953883213674569,-10.270146239059855
50000,naivenet_ay,12.22222222222222,0.2855636707376899,-12.749687032952377,0.5343815778427339,-23.858769766020178
50000,naivenet_ay,14.444444444444445,0.2341331354162798,-16.403819880390138,0.4838730571299458,-33.90108136561287
50000,naivenet_ay,16.666666666666668,0.17303962120724944,-18.442586857905653,0.41598031348520503,-44.335239577537344
50000,naivenet_ay,18.88888888888889,0.16863695831159917,-18.97267802053388,0.41065430511757595,-46.201093679272994
50000,naivenet_ay,21.11111111111111,0.14187040749832416,-17.82980911850314,0.37665688298280725,-47.337005970277175
50000,naivenet_ay,23.333333333333336,0.14116269308582727,-14.14050072475177,0.3757162401145674,-37.63611793953835
50000,naivenet_ay,25.55555555555556,0.3381076714897059,-8.08961787446035,0.5814702670727936,-13.91235000748133
50000,naivenet_ay,27.77777777777778,0.19841245561240747,-1.6481842872781312,0.44543513064463996,-3.700166811928048
50000,naivenet_ay,30.0,0.6138133440447042,1.0577909706891302,0.7834624075504224,1.3501489803402629
50000,nmmr_u,10.0,11.485213470668063,9.650951095926066,3.3889841354996135,2.8477415974988904
50000,nmmr_u,12.22222222222222,9.693871326318877,4.668968362555435,3.113498245754906,1.4995892061032416
50000,nmmr_u,14.444444444444445,5.949216291529404,1.933156743145021,2.439101533665502,0.7925691966745874
50000,nmmr_u,16.666666666666668,2.9298764338436207,0.4036611965987472,1.7116881824221433,0.23582636180121427
50000,nmmr_u,18.88888888888889,1.305363891333636,-0.6092855721085957,1.1425252256880967,-0.5332797547132035
50000,nmmr_u,21.11111111111111,0.6354285914328346,-1.2648381483493278,0.7971377493462686,-1.5867246901638012
50000,nmmr_u,23.333333333333336,0.3090491234224919,-1.3449559096882902,0.5559218680916338,-2.4193254248213854
50000,nmmr_u,25.55555555555556,0.13314686599260103,-1.2160733722020503,0.3648929514153446,-3.3326852916318392
50000,nmmr_u,27.77777777777778,0.04733834136656606,-1.1054167625588929,0.21757376074923662,-5.080652918588536
50000,nmmr_u,30.0,0.0528009040956694,-0.9525468589007143,0.22978447313878586,-4.1453926189581685
50000,nmmr_v,10.0,6.1764415528227055,17.42706155430008,2.485244767185459,7.012211346102637
50000,nmmr_v,12.22222222222222,4.291290556288182,12.597995156989034,2.0715430375177295,6.0814547073493825
50000,nmmr_v,14.444444444444445,2.73993562415953,8.890803113079098,1.6552750901767144,5.3711936860778415
50000,nmmr_v,16.666666666666668,1.5780260202405914,5.9265808514449345,1.2561950566056974,4.717882641139232
50000,nmmr_v,18.88888888888889,0.8965784456482881,3.4724538535505842,0.9468782633730104,3.6672653580417616
50000,nmmr_v,21.11111111111111,0.49788881861053713,1.6617029893459843,0.7056123713559288,2.354979953303255
50000,nmmr_v,23.333333333333336,0.27261564867937665,0.6435958023478416,0.5221260850401718,1.2326444144201762
50000,nmmr_v,25.55555555555556,0.1562512076311234,0.019049499196877307,0.3952862350640652,0.048191658365715415
50000,nmmr_v,27.77777777777778,0.08823268841044411,-0.34617184373565024,0.29703987680182625,-1.1654052898985108
50000,nmmr_v,30.0,0.06136891215095402,-0.47683331977717885,0.24772749575078262,-1.9248300166763883
50000,pmmr,10.0,,999942.5698357547,,
50000,pmmr,12.22222222222222,,999937.7085775087,,
50000,pmmr,14.444444444444445,,999935.5130809451,,
50000,pmmr,16.666666666666668,,999935.3751667432,,
50000,pmmr,18.88888888888889,,999936.7499746055,,
50000,pmmr,21.11111111111111,,999939.3515429246,,
50000,pmmr,23.333333333333336,,999943.0613228913,,
50000,pmmr,25.55555555555556,,999947.3163780667,,
50000,pmmr,27.77777777777778,,999951.7959429863,,
50000,pmmr,30.0,,999956.3341593026,,
50000,twosls,10.0,0.049947856033319346,22.502587219583283,0.223490169880734,100.6871453522624
50000,twosls,12.22222222222222,0.03919774279975654,13.080751962408957,0.19798419835874917,66.06967662493203
50000,twosls,14.444444444444445,0.030040713449124828,6.32467876920703,0.1733225705126855,36.49079719103362
50000,twosls,16.666666666666668,0.022475872553217036,1.6261856488082187,0.1499195536053154,10.847055035191635
50000,twosls,18.88888888888889,0.016504622616392933,-1.559585598048536,0.1284703180364746,-12.139657018718884
50000,twosls,21.11111111111111,0.012126382208876596,-3.518592954867882,0.11011985383606626,-31.952393980707217
50000,twosls,23.333333333333336,0.009341241448725517,-4.3693945769856555,0.09665009802750081,-45.20838225888181
50000,twosls,25.55555555555556,0.008148854055348275,-4.6749131701756825,0.0902710034027997,-51.787539674458664
50000,twosls,27.77777777777778,0.008549254238881093,-4.755929648606258,0.09246217734231167,-51.43648771106641
50000,twosls,30.0,0.01054279519088785,-4.778289198988604,0.10267811446889667,-46.5365888700269
